{
    "epoch": 0.9984732824427481,
    "eval_loss": 0.9475082159042358,
    "eval_ppl": 2.579274649767298,
    "eval_runtime": 3.6126,
    "eval_samples": 26,
    "eval_samples_per_second": 7.197,
    "eval_steps_per_second": 1.938
}